ID_Orcamento;Data;AnoMes;Ano;Mes;ID_Conta;ID_CentroCusto;Valor_Orcado
1;2024-01-01;202401;2024;1;1.01.001;CC4001;18900000.0
2;2024-01-01;202401;2024;1;1.01.002;CC4001;6525000.0
3;2024-01-01;202401;2024;1;1.01.003;CC4001;1710000.0
4;2024-01-01;202401;2024;1;1.02.001;CC4001;540000.0
5;2024-01-01;202401;2024;1;2.01.001;CC3001;550000.0
6;2024-01-01;202401;2024;1;2.02.001;CC4001;320000.0
7;2024-01-01;202401;2024;1;3.01.001;CC1001;10850000.0
8;2024-01-01;202401;2024;1;3.02.001;CC1002;840000.0
9;2024-01-01;202401;2024;1;3.02.001;CC1003;840000.0
10;2024-01-01;202401;2024;1;3.03.001;CC1002;227500.0
11;2024-01-01;202401;2024;1;3.03.001;CC1003;227500.0
12;2024-01-01;202401;2024;1;3.03.001;CC1005;227500.0
13;2024-01-01;202401;2024;1;3.04.001;CC1004;507500.0
14;2024-01-01;202401;2024;1;3.05.001;CC1005;343000.0
15;2024-01-01;202401;2024;1;3.06.001;CC1002;218750.0
16;2024-01-01;202401;2024;1;3.06.001;CC1003;218750.0
17;2024-01-01;202401;2024;1;4.01.001;CC2001;857500.0
18;2024-01-01;202401;2024;1;4.01.002;CC2001;332500.0
19;2024-01-01;202401;2024;1;4.02.001;CC2002;650000.0
20;2024-01-01;202401;2024;1;4.03.001;CC3001;1150000.0
21;2024-01-01;202401;2024;1;4.04.001;CC3002;450000.0
22;2024-01-01;202401;2024;1;4.05.001;CC1001;140000.0
23;2024-01-01;202401;2024;1;4.05.001;CC3001;140000.0
24;2024-01-01;202401;2024;1;4.06.001;CC4001;380000.0
25;2024-01-01;202401;2024;1;5.01.001;CC3001;850000.0
26;2024-01-01;202401;2024;1;5.02.001;CC3001;680000.0
27;2024-01-01;202401;2024;1;5.03.001;CC3001;190000.0
28;2024-01-01;202401;2024;1;6.01.001;CC3001;2100000.0
29;2024-02-01;202402;2024;2;1.01.001;CC4001;23100000.0
30;2024-02-01;202402;2024;2;1.01.002;CC4001;7975000.0
31;2024-02-01;202402;2024;2;1.01.003;CC4001;2090000.0
32;2024-02-01;202402;2024;2;1.02.001;CC4001;660000.0
33;2024-02-01;202402;2024;2;2.01.001;CC3001;550000.0
34;2024-02-01;202402;2024;2;2.02.001;CC4001;320000.0
35;2024-02-01;202402;2024;2;3.01.001;CC1001;17050000.0
36;2024-02-01;202402;2024;2;3.02.001;CC1002;1320000.0
37;2024-02-01;202402;2024;2;3.02.001;CC1003;1320000.0
38;2024-02-01;202402;2024;2;3.03.001;CC1002;357500.0
39;2024-02-01;202402;2024;2;3.03.001;CC1003;357500.0
40;2024-02-01;202402;2024;2;3.03.001;CC1005;357500.0
41;2024-02-01;202402;2024;2;3.04.001;CC1004;797500.0
42;2024-02-01;202402;2024;2;3.05.001;CC1005;539000.0
43;2024-02-01;202402;2024;2;3.06.001;CC1002;343750.0
44;2024-02-01;202402;2024;2;3.06.001;CC1003;343750.0
45;2024-02-01;202402;2024;2;4.01.001;CC2001;1347500.0
46;2024-02-01;202402;2024;2;4.01.002;CC2001;522500.0
47;2024-02-01;202402;2024;2;4.02.001;CC2002;650000.0
48;2024-02-01;202402;2024;2;4.03.001;CC3001;1150000.0
49;2024-02-01;202402;2024;2;4.04.001;CC3002;450000.0
50;2024-02-01;202402;2024;2;4.05.001;CC1001;140000.0
51;2024-02-01;202402;2024;2;4.05.001;CC3001;140000.0
52;2024-02-01;202402;2024;2;4.06.001;CC4001;380000.0
53;2024-02-01;202402;2024;2;5.01.001;CC3001;850000.0
54;2024-02-01;202402;2024;2;5.02.001;CC3001;680000.0
55;2024-02-01;202402;2024;2;5.03.001;CC3001;190000.0
56;2024-02-01;202402;2024;2;6.01.001;CC3001;2100000.0
57;2024-03-01;202403;2024;3;1.01.001;CC4001;29400000.0
58;2024-03-01;202403;2024;3;1.01.002;CC4001;10150000.0
59;2024-03-01;202403;2024;3;1.01.003;CC4001;2660000.0
60;2024-03-01;202403;2024;3;1.02.001;CC4001;840000.0
61;2024-03-01;202403;2024;3;2.01.001;CC3001;550000.0
62;2024-03-01;202403;2024;3;2.02.001;CC4001;320000.0
63;2024-03-01;202403;2024;3;3.01.001;CC1001;48050000.0
64;2024-03-01;202403;2024;3;3.02.001;CC1002;3720000.0
65;2024-03-01;202403;2024;3;3.02.001;CC1003;3720000.0
66;2024-03-01;202403;2024;3;3.03.001;CC1002;1007500.0
67;2024-03-01;202403;2024;3;3.03.001;CC1003;1007500.0
68;2024-03-01;202403;2024;3;3.03.001;CC1005;1007500.0
69;2024-03-01;202403;2024;3;3.04.001;CC1004;2247500.0
70;2024-03-01;202403;2024;3;3.05.001;CC1005;1519000.0
71;2024-03-01;202403;2024;3;3.06.001;CC1002;968750.0
72;2024-03-01;202403;2024;3;3.06.001;CC1003;968750.0
73;2024-03-01;202403;2024;3;4.01.001;CC2001;3797500.0
74;2024-03-01;202403;2024;3;4.01.002;CC2001;1472500.0
75;2024-03-01;202403;2024;3;4.02.001;CC2002;650000.0
76;2024-03-01;202403;2024;3;4.03.001;CC3001;1150000.0
77;2024-03-01;202403;2024;3;4.04.001;CC3002;450000.0
78;2024-03-01;202403;2024;3;4.05.001;CC1001;140000.0
79;2024-03-01;202403;2024;3;4.05.001;CC3001;140000.0
80;2024-03-01;202403;2024;3;4.06.001;CC4001;380000.0
81;2024-03-01;202403;2024;3;5.01.001;CC3001;850000.0
82;2024-03-01;202403;2024;3;5.02.001;CC3001;680000.0
83;2024-03-01;202403;2024;3;5.03.001;CC3001;190000.0
84;2024-03-01;202403;2024;3;6.01.001;CC3001;2100000.0
85;2024-04-01;202404;2024;4;1.01.001;CC4001;37800000.0
86;2024-04-01;202404;2024;4;1.01.002;CC4001;13050000.0
87;2024-04-01;202404;2024;4;1.01.003;CC4001;3420000.0
88;2024-04-01;202404;2024;4;1.02.001;CC4001;1080000.0
89;2024-04-01;202404;2024;4;2.01.001;CC3001;550000.0
90;2024-04-01;202404;2024;4;2.02.001;CC4001;320000.0
91;2024-04-01;202404;2024;4;3.01.001;CC1001;57350000.0
92;2024-04-01;202404;2024;4;3.02.001;CC1002;4440000.0
93;2024-04-01;202404;2024;4;3.02.001;CC1003;4440000.0
94;2024-04-01;202404;2024;4;3.03.001;CC1002;1202500.0
95;2024-04-01;202404;2024;4;3.03.001;CC1003;1202500.0
96;2024-04-01;202404;2024;4;3.03.001;CC1005;1202500.0
97;2024-04-01;202404;2024;4;3.04.001;CC1004;2682500.0
98;2024-04-01;202404;2024;4;3.05.001;CC1005;1813000.0
99;2024-04-01;202404;2024;4;3.06.001;CC1002;1156250.0
100;2024-04-01;202404;2024;4;3.06.001;CC1003;1156250.0
101;2024-04-01;202404;2024;4;4.01.001;CC2001;4532500.0
102;2024-04-01;202404;2024;4;4.01.002;CC2001;1757500.0
103;2024-04-01;202404;2024;4;4.02.001;CC2002;650000.0
104;2024-04-01;202404;2024;4;4.03.001;CC3001;1150000.0
105;2024-04-01;202404;2024;4;4.04.001;CC3002;450000.0
106;2024-04-01;202404;2024;4;4.05.001;CC1001;140000.0
107;2024-04-01;202404;2024;4;4.05.001;CC3001;140000.0
108;2024-04-01;202404;2024;4;4.06.001;CC4001;380000.0
109;2024-04-01;202404;2024;4;5.01.001;CC3001;850000.0
110;2024-04-01;202404;2024;4;5.02.001;CC3001;680000.0
111;2024-04-01;202404;2024;4;5.03.001;CC3001;190000.0
112;2024-04-01;202404;2024;4;6.01.001;CC3001;2100000.0
113;2024-05-01;202405;2024;5;1.01.001;CC4001;54600000.0
114;2024-05-01;202405;2024;5;1.01.002;CC4001;18850000.0
115;2024-05-01;202405;2024;5;1.01.003;CC4001;4940000.0
116;2024-05-01;202405;2024;5;1.02.001;CC4001;1560000.0
117;2024-05-01;202405;2024;5;2.01.001;CC3001;550000.0
118;2024-05-01;202405;2024;5;2.02.001;CC4001;320000.0
119;2024-05-01;202405;2024;5;3.01.001;CC1001;54250000.0
120;2024-05-01;202405;2024;5;3.02.001;CC1002;4200000.0
121;2024-05-01;202405;2024;5;3.02.001;CC1003;4200000.0
122;2024-05-01;202405;2024;5;3.03.001;CC1002;1137500.0
123;2024-05-01;202405;2024;5;3.03.001;CC1003;1137500.0
124;2024-05-01;202405;2024;5;3.03.001;CC1005;1137500.0
125;2024-05-01;202405;2024;5;3.04.001;CC1004;2537500.0
126;2024-05-01;202405;2024;5;3.05.001;CC1005;1715000.0
127;2024-05-01;202405;2024;5;3.06.001;CC1002;1093750.0
128;2024-05-01;202405;2024;5;3.06.001;CC1003;1093750.0
129;2024-05-01;202405;2024;5;4.01.001;CC2001;4287500.0
130;2024-05-01;202405;2024;5;4.01.002;CC2001;1662500.0
131;2024-05-01;202405;2024;5;4.02.001;CC2002;650000.0
132;2024-05-01;202405;2024;5;4.03.001;CC3001;1150000.0
133;2024-05-01;202405;2024;5;4.04.001;CC3002;450000.0
134;2024-05-01;202405;2024;5;4.05.001;CC1001;140000.0
135;2024-05-01;202405;2024;5;4.05.001;CC3001;140000.0
136;2024-05-01;202405;2024;5;4.06.001;CC4001;380000.0
137;2024-05-01;202405;2024;5;5.01.001;CC3001;850000.0
138;2024-05-01;202405;2024;5;5.02.001;CC3001;680000.0
139;2024-05-01;202405;2024;5;5.03.001;CC3001;190000.0
140;2024-05-01;202405;2024;5;6.01.001;CC3001;2100000.0
141;2024-06-01;202406;2024;6;1.01.001;CC4001;65100000.0
142;2024-06-01;202406;2024;6;1.01.002;CC4001;22475000.0
143;2024-06-01;202406;2024;6;1.01.003;CC4001;5890000.0
144;2024-06-01;202406;2024;6;1.02.001;CC4001;1860000.0
145;2024-06-01;202406;2024;6;2.01.001;CC3001;550000.0
146;2024-06-01;202406;2024;6;2.02.001;CC4001;320000.0
147;2024-06-01;202406;2024;6;3.01.001;CC1001;51150000.0
148;2024-06-01;202406;2024;6;3.02.001;CC1002;3960000.0
149;2024-06-01;202406;2024;6;3.02.001;CC1003;3960000.0
150;2024-06-01;202406;2024;6;3.03.001;CC1002;1072500.0
151;2024-06-01;202406;2024;6;3.03.001;CC1003;1072500.0
152;2024-06-01;202406;2024;6;3.03.001;CC1005;1072500.0
153;2024-06-01;202406;2024;6;3.04.001;CC1004;2392500.0
154;2024-06-01;202406;2024;6;3.05.001;CC1005;1617000.0
155;2024-06-01;202406;2024;6;3.06.001;CC1002;1031250.0
156;2024-06-01;202406;2024;6;3.06.001;CC1003;1031250.0
157;2024-06-01;202406;2024;6;4.01.001;CC2001;4042500.0
158;2024-06-01;202406;2024;6;4.01.002;CC2001;1567500.0
159;2024-06-01;202406;2024;6;4.02.001;CC2002;650000.0
160;2024-06-01;202406;2024;6;4.03.001;CC3001;1150000.0
161;2024-06-01;202406;2024;6;4.04.001;CC3002;450000.0
162;2024-06-01;202406;2024;6;4.05.001;CC1001;140000.0
163;2024-06-01;202406;2024;6;4.05.001;CC3001;140000.0
164;2024-06-01;202406;2024;6;4.06.001;CC4001;380000.0
165;2024-06-01;202406;2024;6;5.01.001;CC3001;850000.0
166;2024-06-01;202406;2024;6;5.02.001;CC3001;680000.0
167;2024-06-01;202406;2024;6;5.03.001;CC3001;190000.0
168;2024-06-01;202406;2024;6;6.01.001;CC3001;2100000.0
169;2024-07-01;202407;2024;7;1.01.001;CC4001;69300000.0
170;2024-07-01;202407;2024;7;1.01.002;CC4001;23925000.0
171;2024-07-01;202407;2024;7;1.01.003;CC4001;6270000.0
172;2024-07-01;202407;2024;7;1.02.001;CC4001;1980000.0
173;2024-07-01;202407;2024;7;2.01.001;CC3001;550000.0
174;2024-07-01;202407;2024;7;2.02.001;CC4001;320000.0
175;2024-07-01;202407;2024;7;3.01.001;CC1001;43400000.0
176;2024-07-01;202407;2024;7;3.02.001;CC1002;3360000.0
177;2024-07-01;202407;2024;7;3.02.001;CC1003;3360000.0
178;2024-07-01;202407;2024;7;3.03.001;CC1002;910000.0
179;2024-07-01;202407;2024;7;3.03.001;CC1003;910000.0
180;2024-07-01;202407;2024;7;3.03.001;CC1005;910000.0
181;2024-07-01;202407;2024;7;3.04.001;CC1004;2030000.0
182;2024-07-01;202407;2024;7;3.05.001;CC1005;1372000.0
183;2024-07-01;202407;2024;7;3.06.001;CC1002;875000.0
184;2024-07-01;202407;2024;7;3.06.001;CC1003;875000.0
185;2024-07-01;202407;2024;7;4.01.001;CC2001;3430000.0
186;2024-07-01;202407;2024;7;4.01.002;CC2001;1330000.0
187;2024-07-01;202407;2024;7;4.02.001;CC2002;650000.0
188;2024-07-01;202407;2024;7;4.03.001;CC3001;1150000.0
189;2024-07-01;202407;2024;7;4.04.001;CC3002;450000.0
190;2024-07-01;202407;2024;7;4.05.001;CC1001;140000.0
191;2024-07-01;202407;2024;7;4.05.001;CC3001;140000.0
192;2024-07-01;202407;2024;7;4.06.001;CC4001;380000.0
193;2024-07-01;202407;2024;7;5.01.001;CC3001;850000.0
194;2024-07-01;202407;2024;7;5.02.001;CC3001;680000.0
195;2024-07-01;202407;2024;7;5.03.001;CC3001;190000.0
196;2024-07-01;202407;2024;7;6.01.001;CC3001;2100000.0
197;2024-08-01;202408;2024;8;1.01.001;CC4001;67200000.0
198;2024-08-01;202408;2024;8;1.01.002;CC4001;23200000.0
199;2024-08-01;202408;2024;8;1.01.003;CC4001;6080000.0
200;2024-08-01;202408;2024;8;1.02.001;CC4001;1920000.0
201;2024-08-01;202408;2024;8;2.01.001;CC3001;550000.0
202;2024-08-01;202408;2024;8;2.02.001;CC4001;320000.0
203;2024-08-01;202408;2024;8;3.01.001;CC1001;29450000.0
204;2024-08-01;202408;2024;8;3.02.001;CC1002;2280000.0
205;2024-08-01;202408;2024;8;3.02.001;CC1003;2280000.0
206;2024-08-01;202408;2024;8;3.03.001;CC1002;617500.0
207;2024-08-01;202408;2024;8;3.03.001;CC1003;617500.0
208;2024-08-01;202408;2024;8;3.03.001;CC1005;617500.0
209;2024-08-01;202408;2024;8;3.04.001;CC1004;1377500.0
210;2024-08-01;202408;2024;8;3.05.001;CC1005;931000.0
211;2024-08-01;202408;2024;8;3.06.001;CC1002;593750.0
212;2024-08-01;202408;2024;8;3.06.001;CC1003;593750.0
213;2024-08-01;202408;2024;8;4.01.001;CC2001;2327500.0
214;2024-08-01;202408;2024;8;4.01.002;CC2001;902500.0
215;2024-08-01;202408;2024;8;4.02.001;CC2002;650000.0
216;2024-08-01;202408;2024;8;4.03.001;CC3001;1150000.0
217;2024-08-01;202408;2024;8;4.04.001;CC3002;450000.0
218;2024-08-01;202408;2024;8;4.05.001;CC1001;140000.0
219;2024-08-01;202408;2024;8;4.05.001;CC3001;140000.0
220;2024-08-01;202408;2024;8;4.06.001;CC4001;380000.0
221;2024-08-01;202408;2024;8;5.01.001;CC3001;850000.0
222;2024-08-01;202408;2024;8;5.02.001;CC3001;680000.0
223;2024-08-01;202408;2024;8;5.03.001;CC3001;190000.0
224;2024-08-01;202408;2024;8;6.01.001;CC3001;2100000.0
225;2024-09-01;202409;2024;9;1.01.001;CC4001;60900000.0
226;2024-09-01;202409;2024;9;1.01.002;CC4001;21025000.0
227;2024-09-01;202409;2024;9;1.01.003;CC4001;5510000.0
228;2024-09-01;202409;2024;9;1.02.001;CC4001;1740000.0
229;2024-09-01;202409;2024;9;2.01.001;CC3001;550000.0
230;2024-09-01;202409;2024;9;2.02.001;CC4001;320000.0
231;2024-09-01;202409;2024;9;3.01.001;CC1001;23250000.0
232;2024-09-01;202409;2024;9;3.02.001;CC1002;1800000.0
233;2024-09-01;202409;2024;9;3.02.001;CC1003;1800000.0
234;2024-09-01;202409;2024;9;3.03.001;CC1002;487500.0
235;2024-09-01;202409;2024;9;3.03.001;CC1003;487500.0
236;2024-09-01;202409;2024;9;3.03.001;CC1005;487500.0
237;2024-09-01;202409;2024;9;3.04.001;CC1004;1087500.0
238;2024-09-01;202409;2024;9;3.05.001;CC1005;735000.0
239;2024-09-01;202409;2024;9;3.06.001;CC1002;468750.0
240;2024-09-01;202409;2024;9;3.06.001;CC1003;468750.0
241;2024-09-01;202409;2024;9;4.01.001;CC2001;1837500.0
242;2024-09-01;202409;2024;9;4.01.002;CC2001;712500.0
243;2024-09-01;202409;2024;9;4.02.001;CC2002;650000.0
244;2024-09-01;202409;2024;9;4.03.001;CC3001;1150000.0
245;2024-09-01;202409;2024;9;4.04.001;CC3002;450000.0
246;2024-09-01;202409;2024;9;4.05.001;CC1001;140000.0
247;2024-09-01;202409;2024;9;4.05.001;CC3001;140000.0
248;2024-09-01;202409;2024;9;4.06.001;CC4001;380000.0
249;2024-09-01;202409;2024;9;5.01.001;CC3001;850000.0
250;2024-09-01;202409;2024;9;5.02.001;CC3001;680000.0
251;2024-09-01;202409;2024;9;5.03.001;CC3001;190000.0
252;2024-09-01;202409;2024;9;6.01.001;CC3001;2100000.0
253;2024-10-01;202410;2024;10;1.01.001;CC4001;52500000.0
254;2024-10-01;202410;2024;10;1.01.002;CC4001;18125000.0
255;2024-10-01;202410;2024;10;1.01.003;CC4001;4750000.0
256;2024-10-01;202410;2024;10;1.02.001;CC4001;1500000.0
257;2024-10-01;202410;2024;10;2.01.001;CC3001;550000.0
258;2024-10-01;202410;2024;10;2.02.001;CC4001;320000.0
259;2024-10-01;202410;2024;10;3.01.001;CC1001;15500000.0
260;2024-10-01;202410;2024;10;3.02.001;CC1002;1200000.0
261;2024-10-01;202410;2024;10;3.02.001;CC1003;1200000.0
262;2024-10-01;202410;2024;10;3.03.001;CC1002;325000.0
263;2024-10-01;202410;2024;10;3.03.001;CC1003;325000.0
264;2024-10-01;202410;2024;10;3.03.001;CC1005;325000.0
265;2024-10-01;202410;2024;10;3.04.001;CC1004;725000.0
266;2024-10-01;202410;2024;10;3.05.001;CC1005;490000.0
267;2024-10-01;202410;2024;10;3.06.001;CC1002;312500.0
268;2024-10-01;202410;2024;10;3.06.001;CC1003;312500.0
269;2024-10-01;202410;2024;10;4.01.001;CC2001;1225000.0
270;2024-10-01;202410;2024;10;4.01.002;CC2001;475000.0
271;2024-10-01;202410;2024;10;4.02.001;CC2002;650000.0
272;2024-10-01;202410;2024;10;4.03.001;CC3001;1150000.0
273;2024-10-01;202410;2024;10;4.04.001;CC3002;450000.0
274;2024-10-01;202410;2024;10;4.05.001;CC1001;140000.0
275;2024-10-01;202410;2024;10;4.05.001;CC3001;140000.0
276;2024-10-01;202410;2024;10;4.06.001;CC4001;380000.0
277;2024-10-01;202410;2024;10;5.01.001;CC3001;850000.0
278;2024-10-01;202410;2024;10;5.02.001;CC3001;680000.0
279;2024-10-01;202410;2024;10;5.03.001;CC3001;190000.0
280;2024-10-01;202410;2024;10;6.01.001;CC3001;2100000.0
281;2024-11-01;202411;2024;11;1.01.001;CC4001;39900000.0
282;2024-11-01;202411;2024;11;1.01.002;CC4001;13775000.0
283;2024-11-01;202411;2024;11;1.01.003;CC4001;3610000.0
284;2024-11-01;202411;2024;11;1.02.001;CC4001;1140000.0
285;2024-11-01;202411;2024;11;2.01.001;CC3001;550000.0
286;2024-11-01;202411;2024;11;2.02.001;CC4001;320000.0
287;2024-11-01;202411;2024;11;3.01.001;CC1001;12400000.0
288;2024-11-01;202411;2024;11;3.02.001;CC1002;960000.0
289;2024-11-01;202411;2024;11;3.02.001;CC1003;960000.0
290;2024-11-01;202411;2024;11;3.03.001;CC1002;260000.0
291;2024-11-01;202411;2024;11;3.03.001;CC1003;260000.0
292;2024-11-01;202411;2024;11;3.03.001;CC1005;260000.0
293;2024-11-01;202411;2024;11;3.04.001;CC1004;580000.0
294;2024-11-01;202411;2024;11;3.05.001;CC1005;392000.0
295;2024-11-01;202411;2024;11;3.06.001;CC1002;250000.0
296;2024-11-01;202411;2024;11;3.06.001;CC1003;250000.0
297;2024-11-01;202411;2024;11;4.01.001;CC2001;980000.0
298;2024-11-01;202411;2024;11;4.01.002;CC2001;380000.0
299;2024-11-01;202411;2024;11;4.02.001;CC2002;650000.0
300;2024-11-01;202411;2024;11;4.03.001;CC3001;1150000.0
301;2024-11-01;202411;2024;11;4.04.001;CC3002;450000.0
302;2024-11-01;202411;2024;11;4.05.001;CC1001;140000.0
303;2024-11-01;202411;2024;11;4.05.001;CC3001;140000.0
304;2024-11-01;202411;2024;11;4.06.001;CC4001;380000.0
305;2024-11-01;202411;2024;11;5.01.001;CC3001;850000.0
306;2024-11-01;202411;2024;11;5.02.001;CC3001;680000.0
307;2024-11-01;202411;2024;11;5.03.001;CC3001;190000.0
308;2024-11-01;202411;2024;11;6.01.001;CC3001;2100000.0
309;2024-12-01;202412;2024;12;1.01.001;CC4001;27300000.0
310;2024-12-01;202412;2024;12;1.01.002;CC4001;9425000.0
311;2024-12-01;202412;2024;12;1.01.003;CC4001;2470000.0
312;2024-12-01;202412;2024;12;1.02.001;CC4001;780000.0
313;2024-12-01;202412;2024;12;2.01.001;CC3001;550000.0
314;2024-12-01;202412;2024;12;2.02.001;CC4001;320000.0
315;2024-12-01;202412;2024;12;3.01.001;CC1001;9300000.0
316;2024-12-01;202412;2024;12;3.02.001;CC1002;720000.0
317;2024-12-01;202412;2024;12;3.02.001;CC1003;720000.0
318;2024-12-01;202412;2024;12;3.03.001;CC1002;195000.0
319;2024-12-01;202412;2024;12;3.03.001;CC1003;195000.0
320;2024-12-01;202412;2024;12;3.03.001;CC1005;195000.0
321;2024-12-01;202412;2024;12;3.04.001;CC1004;435000.0
322;2024-12-01;202412;2024;12;3.05.001;CC1005;294000.0
323;2024-12-01;202412;2024;12;3.06.001;CC1002;187500.0
324;2024-12-01;202412;2024;12;3.06.001;CC1003;187500.0
325;2024-12-01;202412;2024;12;4.01.001;CC2001;735000.0
326;2024-12-01;202412;2024;12;4.01.002;CC2001;285000.0
327;2024-12-01;202412;2024;12;4.02.001;CC2002;650000.0
328;2024-12-01;202412;2024;12;4.03.001;CC3001;1150000.0
329;2024-12-01;202412;2024;12;4.04.001;CC3002;450000.0
330;2024-12-01;202412;2024;12;4.05.001;CC1001;140000.0
331;2024-12-01;202412;2024;12;4.05.001;CC3001;140000.0
332;2024-12-01;202412;2024;12;4.06.001;CC4001;380000.0
333;2024-12-01;202412;2024;12;5.01.001;CC3001;850000.0
334;2024-12-01;202412;2024;12;5.02.001;CC3001;680000.0
335;2024-12-01;202412;2024;12;5.03.001;CC3001;190000.0
336;2024-12-01;202412;2024;12;6.01.001;CC3001;2100000.0
337;2025-01-01;202501;2025;1;1.01.001;CC4001;19656000.0
338;2025-01-01;202501;2025;1;1.01.002;CC4001;6786000.0
339;2025-01-01;202501;2025;1;1.01.003;CC4001;1778400.0
340;2025-01-01;202501;2025;1;1.02.001;CC4001;561600.0
341;2025-01-01;202501;2025;1;2.01.001;CC3001;572000.0
342;2025-01-01;202501;2025;1;2.02.001;CC4001;332800.0
343;2025-01-01;202501;2025;1;3.01.001;CC1001;11284000.0
344;2025-01-01;202501;2025;1;3.02.001;CC1002;873600.0
345;2025-01-01;202501;2025;1;3.02.001;CC1003;873600.0
346;2025-01-01;202501;2025;1;3.03.001;CC1002;236600.0
347;2025-01-01;202501;2025;1;3.03.001;CC1003;236600.0
348;2025-01-01;202501;2025;1;3.03.001;CC1005;236600.0
349;2025-01-01;202501;2025;1;3.04.001;CC1004;527800.0
350;2025-01-01;202501;2025;1;3.05.001;CC1005;356720.0
351;2025-01-01;202501;2025;1;3.06.001;CC1002;227500.0
352;2025-01-01;202501;2025;1;3.06.001;CC1003;227500.0
353;2025-01-01;202501;2025;1;4.01.001;CC2001;891800.0
354;2025-01-01;202501;2025;1;4.01.002;CC2001;345800.0
355;2025-01-01;202501;2025;1;4.02.001;CC2002;676000.0
356;2025-01-01;202501;2025;1;4.03.001;CC3001;1196000.0
357;2025-01-01;202501;2025;1;4.04.001;CC3002;468000.0
358;2025-01-01;202501;2025;1;4.05.001;CC1001;145600.0
359;2025-01-01;202501;2025;1;4.05.001;CC3001;145600.0
360;2025-01-01;202501;2025;1;4.06.001;CC4001;395200.0
361;2025-01-01;202501;2025;1;5.01.001;CC3001;884000.0
362;2025-01-01;202501;2025;1;5.02.001;CC3001;707200.0
363;2025-01-01;202501;2025;1;5.03.001;CC3001;197600.0
364;2025-01-01;202501;2025;1;6.01.001;CC3001;2184000.0
365;2025-02-01;202502;2025;2;1.01.001;CC4001;24024000.0
366;2025-02-01;202502;2025;2;1.01.002;CC4001;8294000.0
367;2025-02-01;202502;2025;2;1.01.003;CC4001;2173600.0
368;2025-02-01;202502;2025;2;1.02.001;CC4001;686400.0
369;2025-02-01;202502;2025;2;2.01.001;CC3001;572000.0
370;2025-02-01;202502;2025;2;2.02.001;CC4001;332800.0
371;2025-02-01;202502;2025;2;3.01.001;CC1001;17732000.0
372;2025-02-01;202502;2025;2;3.02.001;CC1002;1372800.0
373;2025-02-01;202502;2025;2;3.02.001;CC1003;1372800.0
374;2025-02-01;202502;2025;2;3.03.001;CC1002;371800.0
375;2025-02-01;202502;2025;2;3.03.001;CC1003;371800.0
376;2025-02-01;202502;2025;2;3.03.001;CC1005;371800.0
377;2025-02-01;202502;2025;2;3.04.001;CC1004;829400.0
378;2025-02-01;202502;2025;2;3.05.001;CC1005;560560.0
379;2025-02-01;202502;2025;2;3.06.001;CC1002;357500.0
380;2025-02-01;202502;2025;2;3.06.001;CC1003;357500.0
381;2025-02-01;202502;2025;2;4.01.001;CC2001;1401400.0
382;2025-02-01;202502;2025;2;4.01.002;CC2001;543400.0
383;2025-02-01;202502;2025;2;4.02.001;CC2002;676000.0
384;2025-02-01;202502;2025;2;4.03.001;CC3001;1196000.0
385;2025-02-01;202502;2025;2;4.04.001;CC3002;468000.0
386;2025-02-01;202502;2025;2;4.05.001;CC1001;145600.0
387;2025-02-01;202502;2025;2;4.05.001;CC3001;145600.0
388;2025-02-01;202502;2025;2;4.06.001;CC4001;395200.0
389;2025-02-01;202502;2025;2;5.01.001;CC3001;884000.0
390;2025-02-01;202502;2025;2;5.02.001;CC3001;707200.0
391;2025-02-01;202502;2025;2;5.03.001;CC3001;197600.0
392;2025-02-01;202502;2025;2;6.01.001;CC3001;2184000.0
393;2025-03-01;202503;2025;3;1.01.001;CC4001;30576000.0
394;2025-03-01;202503;2025;3;1.01.002;CC4001;10556000.0
395;2025-03-01;202503;2025;3;1.01.003;CC4001;2766400.0
396;2025-03-01;202503;2025;3;1.02.001;CC4001;873600.0
397;2025-03-01;202503;2025;3;2.01.001;CC3001;572000.0
398;2025-03-01;202503;2025;3;2.02.001;CC4001;332800.0
399;2025-03-01;202503;2025;3;3.01.001;CC1001;49972000.0
400;2025-03-01;202503;2025;3;3.02.001;CC1002;3868800.0
401;2025-03-01;202503;2025;3;3.02.001;CC1003;3868800.0
402;2025-03-01;202503;2025;3;3.03.001;CC1002;1047800.0
403;2025-03-01;202503;2025;3;3.03.001;CC1003;1047800.0
404;2025-03-01;202503;2025;3;3.03.001;CC1005;1047800.0
405;2025-03-01;202503;2025;3;3.04.001;CC1004;2337400.0
406;2025-03-01;202503;2025;3;3.05.001;CC1005;1579760.0
407;2025-03-01;202503;2025;3;3.06.001;CC1002;1007500.0
408;2025-03-01;202503;2025;3;3.06.001;CC1003;1007500.0
409;2025-03-01;202503;2025;3;4.01.001;CC2001;3949400.0
410;2025-03-01;202503;2025;3;4.01.002;CC2001;1531400.0
411;2025-03-01;202503;2025;3;4.02.001;CC2002;676000.0
412;2025-03-01;202503;2025;3;4.03.001;CC3001;1196000.0
413;2025-03-01;202503;2025;3;4.04.001;CC3002;468000.0
414;2025-03-01;202503;2025;3;4.05.001;CC1001;145600.0
415;2025-03-01;202503;2025;3;4.05.001;CC3001;145600.0
416;2025-03-01;202503;2025;3;4.06.001;CC4001;395200.0
417;2025-03-01;202503;2025;3;5.01.001;CC3001;884000.0
418;2025-03-01;202503;2025;3;5.02.001;CC3001;707200.0
419;2025-03-01;202503;2025;3;5.03.001;CC3001;197600.0
420;2025-03-01;202503;2025;3;6.01.001;CC3001;2184000.0
421;2025-04-01;202504;2025;4;1.01.001;CC4001;39312000.0
422;2025-04-01;202504;2025;4;1.01.002;CC4001;13572000.0
423;2025-04-01;202504;2025;4;1.01.003;CC4001;3556800.0
424;2025-04-01;202504;2025;4;1.02.001;CC4001;1123200.0
425;2025-04-01;202504;2025;4;2.01.001;CC3001;572000.0
426;2025-04-01;202504;2025;4;2.02.001;CC4001;332800.0
427;2025-04-01;202504;2025;4;3.01.001;CC1001;59644000.0
428;2025-04-01;202504;2025;4;3.02.001;CC1002;4617600.0
429;2025-04-01;202504;2025;4;3.02.001;CC1003;4617600.0
430;2025-04-01;202504;2025;4;3.03.001;CC1002;1250600.0
431;2025-04-01;202504;2025;4;3.03.001;CC1003;1250600.0
432;2025-04-01;202504;2025;4;3.03.001;CC1005;1250600.0
433;2025-04-01;202504;2025;4;3.04.001;CC1004;2789800.0
434;2025-04-01;202504;2025;4;3.05.001;CC1005;1885520.0
435;2025-04-01;202504;2025;4;3.06.001;CC1002;1202500.0
436;2025-04-01;202504;2025;4;3.06.001;CC1003;1202500.0
437;2025-04-01;202504;2025;4;4.01.001;CC2001;4713800.0
438;2025-04-01;202504;2025;4;4.01.002;CC2001;1827800.0
439;2025-04-01;202504;2025;4;4.02.001;CC2002;676000.0
440;2025-04-01;202504;2025;4;4.03.001;CC3001;1196000.0
441;2025-04-01;202504;2025;4;4.04.001;CC3002;468000.0
442;2025-04-01;202504;2025;4;4.05.001;CC1001;145600.0
443;2025-04-01;202504;2025;4;4.05.001;CC3001;145600.0
444;2025-04-01;202504;2025;4;4.06.001;CC4001;395200.0
445;2025-04-01;202504;2025;4;5.01.001;CC3001;884000.0
446;2025-04-01;202504;2025;4;5.02.001;CC3001;707200.0
447;2025-04-01;202504;2025;4;5.03.001;CC3001;197600.0
448;2025-04-01;202504;2025;4;6.01.001;CC3001;2184000.0
449;2025-05-01;202505;2025;5;1.01.001;CC4001;56784000.0
450;2025-05-01;202505;2025;5;1.01.002;CC4001;19604000.0
451;2025-05-01;202505;2025;5;1.01.003;CC4001;5137600.0
452;2025-05-01;202505;2025;5;1.02.001;CC4001;1622400.0
453;2025-05-01;202505;2025;5;2.01.001;CC3001;572000.0
454;2025-05-01;202505;2025;5;2.02.001;CC4001;332800.0
455;2025-05-01;202505;2025;5;3.01.001;CC1001;56420000.0
456;2025-05-01;202505;2025;5;3.02.001;CC1002;4368000.0
457;2025-05-01;202505;2025;5;3.02.001;CC1003;4368000.0
458;2025-05-01;202505;2025;5;3.03.001;CC1002;1183000.0
459;2025-05-01;202505;2025;5;3.03.001;CC1003;1183000.0
460;2025-05-01;202505;2025;5;3.03.001;CC1005;1183000.0
461;2025-05-01;202505;2025;5;3.04.001;CC1004;2639000.0
462;2025-05-01;202505;2025;5;3.05.001;CC1005;1783600.0
463;2025-05-01;202505;2025;5;3.06.001;CC1002;1137500.0
464;2025-05-01;202505;2025;5;3.06.001;CC1003;1137500.0
465;2025-05-01;202505;2025;5;4.01.001;CC2001;4459000.0
466;2025-05-01;202505;2025;5;4.01.002;CC2001;1729000.0
467;2025-05-01;202505;2025;5;4.02.001;CC2002;676000.0
468;2025-05-01;202505;2025;5;4.03.001;CC3001;1196000.0
469;2025-05-01;202505;2025;5;4.04.001;CC3002;468000.0
470;2025-05-01;202505;2025;5;4.05.001;CC1001;145600.0
471;2025-05-01;202505;2025;5;4.05.001;CC3001;145600.0
472;2025-05-01;202505;2025;5;4.06.001;CC4001;395200.0
473;2025-05-01;202505;2025;5;5.01.001;CC3001;884000.0
474;2025-05-01;202505;2025;5;5.02.001;CC3001;707200.0
475;2025-05-01;202505;2025;5;5.03.001;CC3001;197600.0
476;2025-05-01;202505;2025;5;6.01.001;CC3001;2184000.0
477;2025-06-01;202506;2025;6;1.01.001;CC4001;67704000.0
478;2025-06-01;202506;2025;6;1.01.002;CC4001;23374000.0
479;2025-06-01;202506;2025;6;1.01.003;CC4001;6125600.0
480;2025-06-01;202506;2025;6;1.02.001;CC4001;1934400.0
481;2025-06-01;202506;2025;6;2.01.001;CC3001;572000.0
482;2025-06-01;202506;2025;6;2.02.001;CC4001;332800.0
483;2025-06-01;202506;2025;6;3.01.001;CC1001;53196000.0
484;2025-06-01;202506;2025;6;3.02.001;CC1002;4118400.0
485;2025-06-01;202506;2025;6;3.02.001;CC1003;4118400.0
486;2025-06-01;202506;2025;6;3.03.001;CC1002;1115400.0
487;2025-06-01;202506;2025;6;3.03.001;CC1003;1115400.0
488;2025-06-01;202506;2025;6;3.03.001;CC1005;1115400.0
489;2025-06-01;202506;2025;6;3.04.001;CC1004;2488200.0
490;2025-06-01;202506;2025;6;3.05.001;CC1005;1681680.0
491;2025-06-01;202506;2025;6;3.06.001;CC1002;1072500.0
492;2025-06-01;202506;2025;6;3.06.001;CC1003;1072500.0
493;2025-06-01;202506;2025;6;4.01.001;CC2001;4204200.0
494;2025-06-01;202506;2025;6;4.01.002;CC2001;1630200.0
495;2025-06-01;202506;2025;6;4.02.001;CC2002;676000.0
496;2025-06-01;202506;2025;6;4.03.001;CC3001;1196000.0
497;2025-06-01;202506;2025;6;4.04.001;CC3002;468000.0
498;2025-06-01;202506;2025;6;4.05.001;CC1001;145600.0
499;2025-06-01;202506;2025;6;4.05.001;CC3001;145600.0
500;2025-06-01;202506;2025;6;4.06.001;CC4001;395200.0
501;2025-06-01;202506;2025;6;5.01.001;CC3001;884000.0
502;2025-06-01;202506;2025;6;5.02.001;CC3001;707200.0
503;2025-06-01;202506;2025;6;5.03.001;CC3001;197600.0
504;2025-06-01;202506;2025;6;6.01.001;CC3001;2184000.0
505;2025-07-01;202507;2025;7;1.01.001;CC4001;72072000.0
506;2025-07-01;202507;2025;7;1.01.002;CC4001;24882000.0
507;2025-07-01;202507;2025;7;1.01.003;CC4001;6520800.0
508;2025-07-01;202507;2025;7;1.02.001;CC4001;2059200.0
509;2025-07-01;202507;2025;7;2.01.001;CC3001;572000.0
510;2025-07-01;202507;2025;7;2.02.001;CC4001;332800.0
511;2025-07-01;202507;2025;7;3.01.001;CC1001;45136000.0
512;2025-07-01;202507;2025;7;3.02.001;CC1002;3494400.0
513;2025-07-01;202507;2025;7;3.02.001;CC1003;3494400.0
514;2025-07-01;202507;2025;7;3.03.001;CC1002;946400.0
515;2025-07-01;202507;2025;7;3.03.001;CC1003;946400.0
516;2025-07-01;202507;2025;7;3.03.001;CC1005;946400.0
517;2025-07-01;202507;2025;7;3.04.001;CC1004;2111200.0
518;2025-07-01;202507;2025;7;3.05.001;CC1005;1426880.0
519;2025-07-01;202507;2025;7;3.06.001;CC1002;910000.0
520;2025-07-01;202507;2025;7;3.06.001;CC1003;910000.0
521;2025-07-01;202507;2025;7;4.01.001;CC2001;3567200.0
522;2025-07-01;202507;2025;7;4.01.002;CC2001;1383200.0
523;2025-07-01;202507;2025;7;4.02.001;CC2002;676000.0
524;2025-07-01;202507;2025;7;4.03.001;CC3001;1196000.0
525;2025-07-01;202507;2025;7;4.04.001;CC3002;468000.0
526;2025-07-01;202507;2025;7;4.05.001;CC1001;145600.0
527;2025-07-01;202507;2025;7;4.05.001;CC3001;145600.0
528;2025-07-01;202507;2025;7;4.06.001;CC4001;395200.0
529;2025-07-01;202507;2025;7;5.01.001;CC3001;884000.0
530;2025-07-01;202507;2025;7;5.02.001;CC3001;707200.0
531;2025-07-01;202507;2025;7;5.03.001;CC3001;197600.0
532;2025-07-01;202507;2025;7;6.01.001;CC3001;2184000.0
533;2025-08-01;202508;2025;8;1.01.001;CC4001;69888000.0
534;2025-08-01;202508;2025;8;1.01.002;CC4001;24128000.0
535;2025-08-01;202508;2025;8;1.01.003;CC4001;6323200.0
536;2025-08-01;202508;2025;8;1.02.001;CC4001;1996800.0
537;2025-08-01;202508;2025;8;2.01.001;CC3001;572000.0
538;2025-08-01;202508;2025;8;2.02.001;CC4001;332800.0
539;2025-08-01;202508;2025;8;3.01.001;CC1001;30628000.0
540;2025-08-01;202508;2025;8;3.02.001;CC1002;2371200.0
541;2025-08-01;202508;2025;8;3.02.001;CC1003;2371200.0
542;2025-08-01;202508;2025;8;3.03.001;CC1002;642200.0
543;2025-08-01;202508;2025;8;3.03.001;CC1003;642200.0
544;2025-08-01;202508;2025;8;3.03.001;CC1005;642200.0
545;2025-08-01;202508;2025;8;3.04.001;CC1004;1432600.0
546;2025-08-01;202508;2025;8;3.05.001;CC1005;968240.0
547;2025-08-01;202508;2025;8;3.06.001;CC1002;617500.0
548;2025-08-01;202508;2025;8;3.06.001;CC1003;617500.0
549;2025-08-01;202508;2025;8;4.01.001;CC2001;2420600.0
550;2025-08-01;202508;2025;8;4.01.002;CC2001;938600.0
551;2025-08-01;202508;2025;8;4.02.001;CC2002;676000.0
552;2025-08-01;202508;2025;8;4.03.001;CC3001;1196000.0
553;2025-08-01;202508;2025;8;4.04.001;CC3002;468000.0
554;2025-08-01;202508;2025;8;4.05.001;CC1001;145600.0
555;2025-08-01;202508;2025;8;4.05.001;CC3001;145600.0
556;2025-08-01;202508;2025;8;4.06.001;CC4001;395200.0
557;2025-08-01;202508;2025;8;5.01.001;CC3001;884000.0
558;2025-08-01;202508;2025;8;5.02.001;CC3001;707200.0
559;2025-08-01;202508;2025;8;5.03.001;CC3001;197600.0
560;2025-08-01;202508;2025;8;6.01.001;CC3001;2184000.0
561;2025-09-01;202509;2025;9;1.01.001;CC4001;63336000.0
562;2025-09-01;202509;2025;9;1.01.002;CC4001;21866000.0
563;2025-09-01;202509;2025;9;1.01.003;CC4001;5730400.0
564;2025-09-01;202509;2025;9;1.02.001;CC4001;1809600.0
565;2025-09-01;202509;2025;9;2.01.001;CC3001;572000.0
566;2025-09-01;202509;2025;9;2.02.001;CC4001;332800.0
567;2025-09-01;202509;2025;9;3.01.001;CC1001;24180000.0
568;2025-09-01;202509;2025;9;3.02.001;CC1002;1872000.0
569;2025-09-01;202509;2025;9;3.02.001;CC1003;1872000.0
570;2025-09-01;202509;2025;9;3.03.001;CC1002;507000.0
571;2025-09-01;202509;2025;9;3.03.001;CC1003;507000.0
572;2025-09-01;202509;2025;9;3.03.001;CC1005;507000.0
573;2025-09-01;202509;2025;9;3.04.001;CC1004;1131000.0
574;2025-09-01;202509;2025;9;3.05.001;CC1005;764400.0
575;2025-09-01;202509;2025;9;3.06.001;CC1002;487500.0
576;2025-09-01;202509;2025;9;3.06.001;CC1003;487500.0
577;2025-09-01;202509;2025;9;4.01.001;CC2001;1911000.0
578;2025-09-01;202509;2025;9;4.01.002;CC2001;741000.0
579;2025-09-01;202509;2025;9;4.02.001;CC2002;676000.0
580;2025-09-01;202509;2025;9;4.03.001;CC3001;1196000.0
581;2025-09-01;202509;2025;9;4.04.001;CC3002;468000.0
582;2025-09-01;202509;2025;9;4.05.001;CC1001;145600.0
583;2025-09-01;202509;2025;9;4.05.001;CC3001;145600.0
584;2025-09-01;202509;2025;9;4.06.001;CC4001;395200.0
585;2025-09-01;202509;2025;9;5.01.001;CC3001;884000.0
586;2025-09-01;202509;2025;9;5.02.001;CC3001;707200.0
587;2025-09-01;202509;2025;9;5.03.001;CC3001;197600.0
588;2025-09-01;202509;2025;9;6.01.001;CC3001;2184000.0
589;2025-10-01;202510;2025;10;1.01.001;CC4001;54600000.0
590;2025-10-01;202510;2025;10;1.01.002;CC4001;18850000.0
591;2025-10-01;202510;2025;10;1.01.003;CC4001;4940000.0
592;2025-10-01;202510;2025;10;1.02.001;CC4001;1560000.0
593;2025-10-01;202510;2025;10;2.01.001;CC3001;572000.0
594;2025-10-01;202510;2025;10;2.02.001;CC4001;332800.0
595;2025-10-01;202510;2025;10;3.01.001;CC1001;16120000.0
596;2025-10-01;202510;2025;10;3.02.001;CC1002;1248000.0
597;2025-10-01;202510;2025;10;3.02.001;CC1003;1248000.0
598;2025-10-01;202510;2025;10;3.03.001;CC1002;338000.0
599;2025-10-01;202510;2025;10;3.03.001;CC1003;338000.0
600;2025-10-01;202510;2025;10;3.03.001;CC1005;338000.0
601;2025-10-01;202510;2025;10;3.04.001;CC1004;754000.0
602;2025-10-01;202510;2025;10;3.05.001;CC1005;509600.0
603;2025-10-01;202510;2025;10;3.06.001;CC1002;325000.0
604;2025-10-01;202510;2025;10;3.06.001;CC1003;325000.0
605;2025-10-01;202510;2025;10;4.01.001;CC2001;1274000.0
606;2025-10-01;202510;2025;10;4.01.002;CC2001;494000.0
607;2025-10-01;202510;2025;10;4.02.001;CC2002;676000.0
608;2025-10-01;202510;2025;10;4.03.001;CC3001;1196000.0
609;2025-10-01;202510;2025;10;4.04.001;CC3002;468000.0
610;2025-10-01;202510;2025;10;4.05.001;CC1001;145600.0
611;2025-10-01;202510;2025;10;4.05.001;CC3001;145600.0
612;2025-10-01;202510;2025;10;4.06.001;CC4001;395200.0
613;2025-10-01;202510;2025;10;5.01.001;CC3001;884000.0
614;2025-10-01;202510;2025;10;5.02.001;CC3001;707200.0
615;2025-10-01;202510;2025;10;5.03.001;CC3001;197600.0
616;2025-10-01;202510;2025;10;6.01.001;CC3001;2184000.0
617;2025-11-01;202511;2025;11;1.01.001;CC4001;41496000.0
618;2025-11-01;202511;2025;11;1.01.002;CC4001;14326000.0
619;2025-11-01;202511;2025;11;1.01.003;CC4001;3754400.0
620;2025-11-01;202511;2025;11;1.02.001;CC4001;1185600.0
621;2025-11-01;202511;2025;11;2.01.001;CC3001;572000.0
622;2025-11-01;202511;2025;11;2.02.001;CC4001;332800.0
623;2025-11-01;202511;2025;11;3.01.001;CC1001;12896000.0
624;2025-11-01;202511;2025;11;3.02.001;CC1002;998400.0
625;2025-11-01;202511;2025;11;3.02.001;CC1003;998400.0
626;2025-11-01;202511;2025;11;3.03.001;CC1002;270400.0
627;2025-11-01;202511;2025;11;3.03.001;CC1003;270400.0
628;2025-11-01;202511;2025;11;3.03.001;CC1005;270400.0
629;2025-11-01;202511;2025;11;3.04.001;CC1004;603200.0
630;2025-11-01;202511;2025;11;3.05.001;CC1005;407680.0
631;2025-11-01;202511;2025;11;3.06.001;CC1002;260000.0
632;2025-11-01;202511;2025;11;3.06.001;CC1003;260000.0
633;2025-11-01;202511;2025;11;4.01.001;CC2001;1019200.0
634;2025-11-01;202511;2025;11;4.01.002;CC2001;395200.0
635;2025-11-01;202511;2025;11;4.02.001;CC2002;676000.0
636;2025-11-01;202511;2025;11;4.03.001;CC3001;1196000.0
637;2025-11-01;202511;2025;11;4.04.001;CC3002;468000.0
638;2025-11-01;202511;2025;11;4.05.001;CC1001;145600.0
639;2025-11-01;202511;2025;11;4.05.001;CC3001;145600.0
640;2025-11-01;202511;2025;11;4.06.001;CC4001;395200.0
641;2025-11-01;202511;2025;11;5.01.001;CC3001;884000.0
642;2025-11-01;202511;2025;11;5.02.001;CC3001;707200.0
643;2025-11-01;202511;2025;11;5.03.001;CC3001;197600.0
644;2025-11-01;202511;2025;11;6.01.001;CC3001;2184000.0
645;2025-12-01;202512;2025;12;1.01.001;CC4001;28392000.0
646;2025-12-01;202512;2025;12;1.01.002;CC4001;9802000.0
647;2025-12-01;202512;2025;12;1.01.003;CC4001;2568800.0
648;2025-12-01;202512;2025;12;1.02.001;CC4001;811200.0
649;2025-12-01;202512;2025;12;2.01.001;CC3001;572000.0
650;2025-12-01;202512;2025;12;2.02.001;CC4001;332800.0
651;2025-12-01;202512;2025;12;3.01.001;CC1001;9672000.0
652;2025-12-01;202512;2025;12;3.02.001;CC1002;748800.0
653;2025-12-01;202512;2025;12;3.02.001;CC1003;748800.0
654;2025-12-01;202512;2025;12;3.03.001;CC1002;202800.0
655;2025-12-01;202512;2025;12;3.03.001;CC1003;202800.0
656;2025-12-01;202512;2025;12;3.03.001;CC1005;202800.0
657;2025-12-01;202512;2025;12;3.04.001;CC1004;452400.0
658;2025-12-01;202512;2025;12;3.05.001;CC1005;305760.0
659;2025-12-01;202512;2025;12;3.06.001;CC1002;195000.0
660;2025-12-01;202512;2025;12;3.06.001;CC1003;195000.0
661;2025-12-01;202512;2025;12;4.01.001;CC2001;764400.0
662;2025-12-01;202512;2025;12;4.01.002;CC2001;296400.0
663;2025-12-01;202512;2025;12;4.02.001;CC2002;676000.0
664;2025-12-01;202512;2025;12;4.03.001;CC3001;1196000.0
665;2025-12-01;202512;2025;12;4.04.001;CC3002;468000.0
666;2025-12-01;202512;2025;12;4.05.001;CC1001;145600.0
667;2025-12-01;202512;2025;12;4.05.001;CC3001;145600.0
668;2025-12-01;202512;2025;12;4.06.001;CC4001;395200.0
669;2025-12-01;202512;2025;12;5.01.001;CC3001;884000.0
670;2025-12-01;202512;2025;12;5.02.001;CC3001;707200.0
671;2025-12-01;202512;2025;12;5.03.001;CC3001;197600.0
672;2025-12-01;202512;2025;12;6.01.001;CC3001;2184000.0
673;2026-01-01;202601;2026;1;1.01.001;CC4001;20412000.0
674;2026-01-01;202601;2026;1;1.01.002;CC4001;7047000.0
675;2026-01-01;202601;2026;1;1.01.003;CC4001;1846800.0
676;2026-01-01;202601;2026;1;1.02.001;CC4001;583200.0
677;2026-01-01;202601;2026;1;2.01.001;CC3001;594000.0
678;2026-01-01;202601;2026;1;2.02.001;CC4001;345600.0
679;2026-01-01;202601;2026;1;3.01.001;CC1001;11718000.0
680;2026-01-01;202601;2026;1;3.02.001;CC1002;907200.0
681;2026-01-01;202601;2026;1;3.02.001;CC1003;907200.0
682;2026-01-01;202601;2026;1;3.03.001;CC1002;245700.0
683;2026-01-01;202601;2026;1;3.03.001;CC1003;245700.0
684;2026-01-01;202601;2026;1;3.03.001;CC1005;245700.0
685;2026-01-01;202601;2026;1;3.04.001;CC1004;548100.0
686;2026-01-01;202601;2026;1;3.05.001;CC1005;370440.0
687;2026-01-01;202601;2026;1;3.06.001;CC1002;236250.0
688;2026-01-01;202601;2026;1;3.06.001;CC1003;236250.0
689;2026-01-01;202601;2026;1;4.01.001;CC2001;926100.0
690;2026-01-01;202601;2026;1;4.01.002;CC2001;359100.0
691;2026-01-01;202601;2026;1;4.02.001;CC2002;702000.0
692;2026-01-01;202601;2026;1;4.03.001;CC3001;1242000.0
693;2026-01-01;202601;2026;1;4.04.001;CC3002;486000.0
694;2026-01-01;202601;2026;1;4.05.001;CC1001;151200.0
695;2026-01-01;202601;2026;1;4.05.001;CC3001;151200.0
696;2026-01-01;202601;2026;1;4.06.001;CC4001;410400.0
697;2026-01-01;202601;2026;1;5.01.001;CC3001;918000.0
698;2026-01-01;202601;2026;1;5.02.001;CC3001;734400.0
699;2026-01-01;202601;2026;1;5.03.001;CC3001;205200.0
700;2026-01-01;202601;2026;1;6.01.001;CC3001;2268000.0
701;2026-02-01;202602;2026;2;1.01.001;CC4001;24948000.0
702;2026-02-01;202602;2026;2;1.01.002;CC4001;8613000.0
703;2026-02-01;202602;2026;2;1.01.003;CC4001;2257200.0
704;2026-02-01;202602;2026;2;1.02.001;CC4001;712800.0
705;2026-02-01;202602;2026;2;2.01.001;CC3001;594000.0
706;2026-02-01;202602;2026;2;2.02.001;CC4001;345600.0
707;2026-02-01;202602;2026;2;3.01.001;CC1001;18414000.0
708;2026-02-01;202602;2026;2;3.02.001;CC1002;1425600.0
709;2026-02-01;202602;2026;2;3.02.001;CC1003;1425600.0
710;2026-02-01;202602;2026;2;3.03.001;CC1002;386100.0
711;2026-02-01;202602;2026;2;3.03.001;CC1003;386100.0
712;2026-02-01;202602;2026;2;3.03.001;CC1005;386100.0
713;2026-02-01;202602;2026;2;3.04.001;CC1004;861300.0
714;2026-02-01;202602;2026;2;3.05.001;CC1005;582120.0
715;2026-02-01;202602;2026;2;3.06.001;CC1002;371250.0
716;2026-02-01;202602;2026;2;3.06.001;CC1003;371250.0
717;2026-02-01;202602;2026;2;4.01.001;CC2001;1455300.0
718;2026-02-01;202602;2026;2;4.01.002;CC2001;564300.0
719;2026-02-01;202602;2026;2;4.02.001;CC2002;702000.0
720;2026-02-01;202602;2026;2;4.03.001;CC3001;1242000.0
721;2026-02-01;202602;2026;2;4.04.001;CC3002;486000.0
722;2026-02-01;202602;2026;2;4.05.001;CC1001;151200.0
723;2026-02-01;202602;2026;2;4.05.001;CC3001;151200.0
724;2026-02-01;202602;2026;2;4.06.001;CC4001;410400.0
725;2026-02-01;202602;2026;2;5.01.001;CC3001;918000.0
726;2026-02-01;202602;2026;2;5.02.001;CC3001;734400.0
727;2026-02-01;202602;2026;2;5.03.001;CC3001;205200.0
728;2026-02-01;202602;2026;2;6.01.001;CC3001;2268000.0
729;2026-03-01;202603;2026;3;1.01.001;CC4001;31752000.0
730;2026-03-01;202603;2026;3;1.01.002;CC4001;10962000.0
731;2026-03-01;202603;2026;3;1.01.003;CC4001;2872800.0
732;2026-03-01;202603;2026;3;1.02.001;CC4001;907200.0
733;2026-03-01;202603;2026;3;2.01.001;CC3001;594000.0
734;2026-03-01;202603;2026;3;2.02.001;CC4001;345600.0
735;2026-03-01;202603;2026;3;3.01.001;CC1001;51894000.0
736;2026-03-01;202603;2026;3;3.02.001;CC1002;4017600.0
737;2026-03-01;202603;2026;3;3.02.001;CC1003;4017600.0
738;2026-03-01;202603;2026;3;3.03.001;CC1002;1088100.0
739;2026-03-01;202603;2026;3;3.03.001;CC1003;1088100.0
740;2026-03-01;202603;2026;3;3.03.001;CC1005;1088100.0
741;2026-03-01;202603;2026;3;3.04.001;CC1004;2427300.0
742;2026-03-01;202603;2026;3;3.05.001;CC1005;1640520.0
743;2026-03-01;202603;2026;3;3.06.001;CC1002;1046250.0
744;2026-03-01;202603;2026;3;3.06.001;CC1003;1046250.0
745;2026-03-01;202603;2026;3;4.01.001;CC2001;4101300.0
746;2026-03-01;202603;2026;3;4.01.002;CC2001;1590300.0
747;2026-03-01;202603;2026;3;4.02.001;CC2002;702000.0
748;2026-03-01;202603;2026;3;4.03.001;CC3001;1242000.0
749;2026-03-01;202603;2026;3;4.04.001;CC3002;486000.0
750;2026-03-01;202603;2026;3;4.05.001;CC1001;151200.0
751;2026-03-01;202603;2026;3;4.05.001;CC3001;151200.0
752;2026-03-01;202603;2026;3;4.06.001;CC4001;410400.0
753;2026-03-01;202603;2026;3;5.01.001;CC3001;918000.0
754;2026-03-01;202603;2026;3;5.02.001;CC3001;734400.0
755;2026-03-01;202603;2026;3;5.03.001;CC3001;205200.0
756;2026-03-01;202603;2026;3;6.01.001;CC3001;2268000.0
757;2026-04-01;202604;2026;4;1.01.001;CC4001;40824000.0
758;2026-04-01;202604;2026;4;1.01.002;CC4001;14094000.0
759;2026-04-01;202604;2026;4;1.01.003;CC4001;3693600.0
760;2026-04-01;202604;2026;4;1.02.001;CC4001;1166400.0
761;2026-04-01;202604;2026;4;2.01.001;CC3001;594000.0
762;2026-04-01;202604;2026;4;2.02.001;CC4001;345600.0
763;2026-04-01;202604;2026;4;3.01.001;CC1001;61938000.0
764;2026-04-01;202604;2026;4;3.02.001;CC1002;4795200.0
765;2026-04-01;202604;2026;4;3.02.001;CC1003;4795200.0
766;2026-04-01;202604;2026;4;3.03.001;CC1002;1298700.0
767;2026-04-01;202604;2026;4;3.03.001;CC1003;1298700.0
768;2026-04-01;202604;2026;4;3.03.001;CC1005;1298700.0
769;2026-04-01;202604;2026;4;3.04.001;CC1004;2897100.0
770;2026-04-01;202604;2026;4;3.05.001;CC1005;1958040.0
771;2026-04-01;202604;2026;4;3.06.001;CC1002;1248750.0
772;2026-04-01;202604;2026;4;3.06.001;CC1003;1248750.0
773;2026-04-01;202604;2026;4;4.01.001;CC2001;4895100.0
774;2026-04-01;202604;2026;4;4.01.002;CC2001;1898100.0
775;2026-04-01;202604;2026;4;4.02.001;CC2002;702000.0
776;2026-04-01;202604;2026;4;4.03.001;CC3001;1242000.0
777;2026-04-01;202604;2026;4;4.04.001;CC3002;486000.0
778;2026-04-01;202604;2026;4;4.05.001;CC1001;151200.0
779;2026-04-01;202604;2026;4;4.05.001;CC3001;151200.0
780;2026-04-01;202604;2026;4;4.06.001;CC4001;410400.0
781;2026-04-01;202604;2026;4;5.01.001;CC3001;918000.0
782;2026-04-01;202604;2026;4;5.02.001;CC3001;734400.0
783;2026-04-01;202604;2026;4;5.03.001;CC3001;205200.0
784;2026-04-01;202604;2026;4;6.01.001;CC3001;2268000.0
785;2026-05-01;202605;2026;5;1.01.001;CC4001;58968000.0
786;2026-05-01;202605;2026;5;1.01.002;CC4001;20358000.0
787;2026-05-01;202605;2026;5;1.01.003;CC4001;5335200.0
788;2026-05-01;202605;2026;5;1.02.001;CC4001;1684800.0
789;2026-05-01;202605;2026;5;2.01.001;CC3001;594000.0
790;2026-05-01;202605;2026;5;2.02.001;CC4001;345600.0
791;2026-05-01;202605;2026;5;3.01.001;CC1001;58590000.0
792;2026-05-01;202605;2026;5;3.02.001;CC1002;4536000.0
793;2026-05-01;202605;2026;5;3.02.001;CC1003;4536000.0
794;2026-05-01;202605;2026;5;3.03.001;CC1002;1228500.0
795;2026-05-01;202605;2026;5;3.03.001;CC1003;1228500.0
796;2026-05-01;202605;2026;5;3.03.001;CC1005;1228500.0
797;2026-05-01;202605;2026;5;3.04.001;CC1004;2740500.0
798;2026-05-01;202605;2026;5;3.05.001;CC1005;1852200.0
799;2026-05-01;202605;2026;5;3.06.001;CC1002;1181250.0
800;2026-05-01;202605;2026;5;3.06.001;CC1003;1181250.0
801;2026-05-01;202605;2026;5;4.01.001;CC2001;4630500.0
802;2026-05-01;202605;2026;5;4.01.002;CC2001;1795500.0
803;2026-05-01;202605;2026;5;4.02.001;CC2002;702000.0
804;2026-05-01;202605;2026;5;4.03.001;CC3001;1242000.0
805;2026-05-01;202605;2026;5;4.04.001;CC3002;486000.0
806;2026-05-01;202605;2026;5;4.05.001;CC1001;151200.0
807;2026-05-01;202605;2026;5;4.05.001;CC3001;151200.0
808;2026-05-01;202605;2026;5;4.06.001;CC4001;410400.0
809;2026-05-01;202605;2026;5;5.01.001;CC3001;918000.0
810;2026-05-01;202605;2026;5;5.02.001;CC3001;734400.0
811;2026-05-01;202605;2026;5;5.03.001;CC3001;205200.0
812;2026-05-01;202605;2026;5;6.01.001;CC3001;2268000.0
813;2026-06-01;202606;2026;6;1.01.001;CC4001;70308000.0
814;2026-06-01;202606;2026;6;1.01.002;CC4001;24273000.0
815;2026-06-01;202606;2026;6;1.01.003;CC4001;6361200.0
816;2026-06-01;202606;2026;6;1.02.001;CC4001;2008800.0
817;2026-06-01;202606;2026;6;2.01.001;CC3001;594000.0
818;2026-06-01;202606;2026;6;2.02.001;CC4001;345600.0
819;2026-06-01;202606;2026;6;3.01.001;CC1001;55242000.0
820;2026-06-01;202606;2026;6;3.02.001;CC1002;4276800.0
821;2026-06-01;202606;2026;6;3.02.001;CC1003;4276800.0
822;2026-06-01;202606;2026;6;3.03.001;CC1002;1158300.0
823;2026-06-01;202606;2026;6;3.03.001;CC1003;1158300.0
824;2026-06-01;202606;2026;6;3.03.001;CC1005;1158300.0
825;2026-06-01;202606;2026;6;3.04.001;CC1004;2583900.0
826;2026-06-01;202606;2026;6;3.05.001;CC1005;1746360.0
827;2026-06-01;202606;2026;6;3.06.001;CC1002;1113750.0
828;2026-06-01;202606;2026;6;3.06.001;CC1003;1113750.0
829;2026-06-01;202606;2026;6;4.01.001;CC2001;4365900.0
830;2026-06-01;202606;2026;6;4.01.002;CC2001;1692900.0
831;2026-06-01;202606;2026;6;4.02.001;CC2002;702000.0
832;2026-06-01;202606;2026;6;4.03.001;CC3001;1242000.0
833;2026-06-01;202606;2026;6;4.04.001;CC3002;486000.0
834;2026-06-01;202606;2026;6;4.05.001;CC1001;151200.0
835;2026-06-01;202606;2026;6;4.05.001;CC3001;151200.0
836;2026-06-01;202606;2026;6;4.06.001;CC4001;410400.0
837;2026-06-01;202606;2026;6;5.01.001;CC3001;918000.0
838;2026-06-01;202606;2026;6;5.02.001;CC3001;734400.0
839;2026-06-01;202606;2026;6;5.03.001;CC3001;205200.0
840;2026-06-01;202606;2026;6;6.01.001;CC3001;2268000.0
841;2026-07-01;202607;2026;7;1.01.001;CC4001;74844000.0
842;2026-07-01;202607;2026;7;1.01.002;CC4001;25839000.0
843;2026-07-01;202607;2026;7;1.01.003;CC4001;6771600.0
844;2026-07-01;202607;2026;7;1.02.001;CC4001;2138400.0
845;2026-07-01;202607;2026;7;2.01.001;CC3001;594000.0
846;2026-07-01;202607;2026;7;2.02.001;CC4001;345600.0
847;2026-07-01;202607;2026;7;3.01.001;CC1001;46872000.0
848;2026-07-01;202607;2026;7;3.02.001;CC1002;3628800.0
849;2026-07-01;202607;2026;7;3.02.001;CC1003;3628800.0
850;2026-07-01;202607;2026;7;3.03.001;CC1002;982800.0
851;2026-07-01;202607;2026;7;3.03.001;CC1003;982800.0
852;2026-07-01;202607;2026;7;3.03.001;CC1005;982800.0
853;2026-07-01;202607;2026;7;3.04.001;CC1004;2192400.0
854;2026-07-01;202607;2026;7;3.05.001;CC1005;1481760.0
855;2026-07-01;202607;2026;7;3.06.001;CC1002;945000.0
856;2026-07-01;202607;2026;7;3.06.001;CC1003;945000.0
857;2026-07-01;202607;2026;7;4.01.001;CC2001;3704400.0
858;2026-07-01;202607;2026;7;4.01.002;CC2001;1436400.0
859;2026-07-01;202607;2026;7;4.02.001;CC2002;702000.0
860;2026-07-01;202607;2026;7;4.03.001;CC3001;1242000.0
861;2026-07-01;202607;2026;7;4.04.001;CC3002;486000.0
862;2026-07-01;202607;2026;7;4.05.001;CC1001;151200.0
863;2026-07-01;202607;2026;7;4.05.001;CC3001;151200.0
864;2026-07-01;202607;2026;7;4.06.001;CC4001;410400.0
865;2026-07-01;202607;2026;7;5.01.001;CC3001;918000.0
866;2026-07-01;202607;2026;7;5.02.001;CC3001;734400.0
867;2026-07-01;202607;2026;7;5.03.001;CC3001;205200.0
868;2026-07-01;202607;2026;7;6.01.001;CC3001;2268000.0
869;2026-08-01;202608;2026;8;1.01.001;CC4001;72576000.0
870;2026-08-01;202608;2026;8;1.01.002;CC4001;25056000.0
871;2026-08-01;202608;2026;8;1.01.003;CC4001;6566400.0
872;2026-08-01;202608;2026;8;1.02.001;CC4001;2073600.0
873;2026-08-01;202608;2026;8;2.01.001;CC3001;594000.0
874;2026-08-01;202608;2026;8;2.02.001;CC4001;345600.0
875;2026-08-01;202608;2026;8;3.01.001;CC1001;31806000.0
876;2026-08-01;202608;2026;8;3.02.001;CC1002;2462400.0
877;2026-08-01;202608;2026;8;3.02.001;CC1003;2462400.0
878;2026-08-01;202608;2026;8;3.03.001;CC1002;666900.0
879;2026-08-01;202608;2026;8;3.03.001;CC1003;666900.0
880;2026-08-01;202608;2026;8;3.03.001;CC1005;666900.0
881;2026-08-01;202608;2026;8;3.04.001;CC1004;1487700.0
882;2026-08-01;202608;2026;8;3.05.001;CC1005;1005480.0
883;2026-08-01;202608;2026;8;3.06.001;CC1002;641250.0
884;2026-08-01;202608;2026;8;3.06.001;CC1003;641250.0
885;2026-08-01;202608;2026;8;4.01.001;CC2001;2513700.0
886;2026-08-01;202608;2026;8;4.01.002;CC2001;974700.0
887;2026-08-01;202608;2026;8;4.02.001;CC2002;702000.0
888;2026-08-01;202608;2026;8;4.03.001;CC3001;1242000.0
889;2026-08-01;202608;2026;8;4.04.001;CC3002;486000.0
890;2026-08-01;202608;2026;8;4.05.001;CC1001;151200.0
891;2026-08-01;202608;2026;8;4.05.001;CC3001;151200.0
892;2026-08-01;202608;2026;8;4.06.001;CC4001;410400.0
893;2026-08-01;202608;2026;8;5.01.001;CC3001;918000.0
894;2026-08-01;202608;2026;8;5.02.001;CC3001;734400.0
895;2026-08-01;202608;2026;8;5.03.001;CC3001;205200.0
896;2026-08-01;202608;2026;8;6.01.001;CC3001;2268000.0
897;2026-09-01;202609;2026;9;1.01.001;CC4001;65772000.0
898;2026-09-01;202609;2026;9;1.01.002;CC4001;22707000.0
899;2026-09-01;202609;2026;9;1.01.003;CC4001;5950800.0
900;2026-09-01;202609;2026;9;1.02.001;CC4001;1879200.0
901;2026-09-01;202609;2026;9;2.01.001;CC3001;594000.0
902;2026-09-01;202609;2026;9;2.02.001;CC4001;345600.0
903;2026-09-01;202609;2026;9;3.01.001;CC1001;25110000.0
904;2026-09-01;202609;2026;9;3.02.001;CC1002;1944000.0
905;2026-09-01;202609;2026;9;3.02.001;CC1003;1944000.0
906;2026-09-01;202609;2026;9;3.03.001;CC1002;526500.0
907;2026-09-01;202609;2026;9;3.03.001;CC1003;526500.0
908;2026-09-01;202609;2026;9;3.03.001;CC1005;526500.0
909;2026-09-01;202609;2026;9;3.04.001;CC1004;1174500.0
910;2026-09-01;202609;2026;9;3.05.001;CC1005;793800.0
911;2026-09-01;202609;2026;9;3.06.001;CC1002;506250.0
912;2026-09-01;202609;2026;9;3.06.001;CC1003;506250.0
913;2026-09-01;202609;2026;9;4.01.001;CC2001;1984500.0
914;2026-09-01;202609;2026;9;4.01.002;CC2001;769500.0
915;2026-09-01;202609;2026;9;4.02.001;CC2002;702000.0
916;2026-09-01;202609;2026;9;4.03.001;CC3001;1242000.0
917;2026-09-01;202609;2026;9;4.04.001;CC3002;486000.0
918;2026-09-01;202609;2026;9;4.05.001;CC1001;151200.0
919;2026-09-01;202609;2026;9;4.05.001;CC3001;151200.0
920;2026-09-01;202609;2026;9;4.06.001;CC4001;410400.0
921;2026-09-01;202609;2026;9;5.01.001;CC3001;918000.0
922;2026-09-01;202609;2026;9;5.02.001;CC3001;734400.0
923;2026-09-01;202609;2026;9;5.03.001;CC3001;205200.0
924;2026-09-01;202609;2026;9;6.01.001;CC3001;2268000.0
925;2026-10-01;202610;2026;10;1.01.001;CC4001;56700000.0
926;2026-10-01;202610;2026;10;1.01.002;CC4001;19575000.0
927;2026-10-01;202610;2026;10;1.01.003;CC4001;5130000.0
928;2026-10-01;202610;2026;10;1.02.001;CC4001;1620000.0
929;2026-10-01;202610;2026;10;2.01.001;CC3001;594000.0
930;2026-10-01;202610;2026;10;2.02.001;CC4001;345600.0
931;2026-10-01;202610;2026;10;3.01.001;CC1001;16740000.0
932;2026-10-01;202610;2026;10;3.02.001;CC1002;1296000.0
933;2026-10-01;202610;2026;10;3.02.001;CC1003;1296000.0
934;2026-10-01;202610;2026;10;3.03.001;CC1002;351000.0
935;2026-10-01;202610;2026;10;3.03.001;CC1003;351000.0
936;2026-10-01;202610;2026;10;3.03.001;CC1005;351000.0
937;2026-10-01;202610;2026;10;3.04.001;CC1004;783000.0
938;2026-10-01;202610;2026;10;3.05.001;CC1005;529200.0
939;2026-10-01;202610;2026;10;3.06.001;CC1002;337500.0
940;2026-10-01;202610;2026;10;3.06.001;CC1003;337500.0
941;2026-10-01;202610;2026;10;4.01.001;CC2001;1323000.0
942;2026-10-01;202610;2026;10;4.01.002;CC2001;513000.0
943;2026-10-01;202610;2026;10;4.02.001;CC2002;702000.0
944;2026-10-01;202610;2026;10;4.03.001;CC3001;1242000.0
945;2026-10-01;202610;2026;10;4.04.001;CC3002;486000.0
946;2026-10-01;202610;2026;10;4.05.001;CC1001;151200.0
947;2026-10-01;202610;2026;10;4.05.001;CC3001;151200.0
948;2026-10-01;202610;2026;10;4.06.001;CC4001;410400.0
949;2026-10-01;202610;2026;10;5.01.001;CC3001;918000.0
950;2026-10-01;202610;2026;10;5.02.001;CC3001;734400.0
951;2026-10-01;202610;2026;10;5.03.001;CC3001;205200.0
952;2026-10-01;202610;2026;10;6.01.001;CC3001;2268000.0
953;2026-11-01;202611;2026;11;1.01.001;CC4001;43092000.0
954;2026-11-01;202611;2026;11;1.01.002;CC4001;14877000.0
955;2026-11-01;202611;2026;11;1.01.003;CC4001;3898800.0
956;2026-11-01;202611;2026;11;1.02.001;CC4001;1231200.0
957;2026-11-01;202611;2026;11;2.01.001;CC3001;594000.0
958;2026-11-01;202611;2026;11;2.02.001;CC4001;345600.0
959;2026-11-01;202611;2026;11;3.01.001;CC1001;13392000.0
960;2026-11-01;202611;2026;11;3.02.001;CC1002;1036800.0
961;2026-11-01;202611;2026;11;3.02.001;CC1003;1036800.0
962;2026-11-01;202611;2026;11;3.03.001;CC1002;280800.0
963;2026-11-01;202611;2026;11;3.03.001;CC1003;280800.0
964;2026-11-01;202611;2026;11;3.03.001;CC1005;280800.0
965;2026-11-01;202611;2026;11;3.04.001;CC1004;626400.0
966;2026-11-01;202611;2026;11;3.05.001;CC1005;423360.0
967;2026-11-01;202611;2026;11;3.06.001;CC1002;270000.0
968;2026-11-01;202611;2026;11;3.06.001;CC1003;270000.0
969;2026-11-01;202611;2026;11;4.01.001;CC2001;1058400.0
970;2026-11-01;202611;2026;11;4.01.002;CC2001;410400.0
971;2026-11-01;202611;2026;11;4.02.001;CC2002;702000.0
972;2026-11-01;202611;2026;11;4.03.001;CC3001;1242000.0
973;2026-11-01;202611;2026;11;4.04.001;CC3002;486000.0
974;2026-11-01;202611;2026;11;4.05.001;CC1001;151200.0
975;2026-11-01;202611;2026;11;4.05.001;CC3001;151200.0
976;2026-11-01;202611;2026;11;4.06.001;CC4001;410400.0
977;2026-11-01;202611;2026;11;5.01.001;CC3001;918000.0
978;2026-11-01;202611;2026;11;5.02.001;CC3001;734400.0
979;2026-11-01;202611;2026;11;5.03.001;CC3001;205200.0
980;2026-11-01;202611;2026;11;6.01.001;CC3001;2268000.0
981;2026-12-01;202612;2026;12;1.01.001;CC4001;29484000.0
982;2026-12-01;202612;2026;12;1.01.002;CC4001;10179000.0
983;2026-12-01;202612;2026;12;1.01.003;CC4001;2667600.0
984;2026-12-01;202612;2026;12;1.02.001;CC4001;842400.0
985;2026-12-01;202612;2026;12;2.01.001;CC3001;594000.0
986;2026-12-01;202612;2026;12;2.02.001;CC4001;345600.0
987;2026-12-01;202612;2026;12;3.01.001;CC1001;10044000.0
988;2026-12-01;202612;2026;12;3.02.001;CC1002;777600.0
989;2026-12-01;202612;2026;12;3.02.001;CC1003;777600.0
990;2026-12-01;202612;2026;12;3.03.001;CC1002;210600.0
991;2026-12-01;202612;2026;12;3.03.001;CC1003;210600.0
992;2026-12-01;202612;2026;12;3.03.001;CC1005;210600.0
993;2026-12-01;202612;2026;12;3.04.001;CC1004;469800.0
994;2026-12-01;202612;2026;12;3.05.001;CC1005;317520.0
995;2026-12-01;202612;2026;12;3.06.001;CC1002;202500.0
996;2026-12-01;202612;2026;12;3.06.001;CC1003;202500.0
997;2026-12-01;202612;2026;12;4.01.001;CC2001;793800.0
998;2026-12-01;202612;2026;12;4.01.002;CC2001;307800.0
999;2026-12-01;202612;2026;12;4.02.001;CC2002;702000.0
1000;2026-12-01;202612;2026;12;4.03.001;CC3001;1242000.0
1001;2026-12-01;202612;2026;12;4.04.001;CC3002;486000.0
1002;2026-12-01;202612;2026;12;4.05.001;CC1001;151200.0
1003;2026-12-01;202612;2026;12;4.05.001;CC3001;151200.0
1004;2026-12-01;202612;2026;12;4.06.001;CC4001;410400.0
1005;2026-12-01;202612;2026;12;5.01.001;CC3001;918000.0
1006;2026-12-01;202612;2026;12;5.02.001;CC3001;734400.0
1007;2026-12-01;202612;2026;12;5.03.001;CC3001;205200.0
1008;2026-12-01;202612;2026;12;6.01.001;CC3001;2268000.0
